iter	Logloss
0	0.6882408454
10	0.6513339685
20	0.6310127812
30	0.6187725547
40	0.611097588
50	0.6054059713
60	0.6013783936
70	0.5974853551
80	0.5943746027
90	0.5908455
100	0.5879691815
110	0.5851302166
120	0.5823288903
130	0.5798669776
140	0.5773775013
150	0.5748001062
160	0.5722477561
170	0.5696540605
180	0.5674045783
190	0.5648982786
200	0.5625398723
210	0.5601510034
