iter	Logloss
0	0.6882408454
10	0.6513339685
20	0.6310127812
30	0.6187725547
40	0.6110975405
50	0.6054059238
60	0.6013784886
70	0.5974854027
80	0.5943746502
90	0.590845405
100	0.5879691815
110	0.5851302641
120	0.5823288428
130	0.5798669301
140	0.5773775488
150	0.5747999637
160	0.5722477561
170	0.569654108
180	0.5674045783
190	0.5648982786
200	0.5625398723
210	0.5601509083
