iter	Logloss
0	0.6873489592
10	0.645194043
20	0.6201577153
30	0.6050051275
40	0.593416608
50	0.5844222935
60	0.5772307759
70	0.5708440172
80	0.5646066364
90	0.5589110829
100	0.5537999751
110	0.5490406464
120	0.5438886306
130	0.5387100557
140	0.5341576894
150	0.5296133527
