iter	Logloss
0	0.6873489592
10	0.6451940905
20	0.6201578103
30	0.6050051275
40	0.593416608
50	0.584422341
60	0.5772307759
70	0.5708440172
80	0.5646066364
90	0.5589110354
100	0.55379988
110	0.5490406939
120	0.5438886306
130	0.5387100557
140	0.5341576419
150	0.5296133052
