iter	Logloss
0	0.6875749831
10	0.6465924305
20	0.6232112391
30	0.609197806
40	0.599856135
50	0.5930541253
60	0.5876214128
70	0.5824517827
80	0.5780968457
90	0.5740005006
100	0.5698869423
110	0.5663428493
120	0.5626673934
130	0.5596264073
140	0.5559356625
