iter	Logloss
0	0.6878483691
10	0.6491475251
20	0.6276312728
30	0.6145789234
40	0.6059746807
50	0.5995139142
60	0.5945420849
70	0.590305771
80	0.586314667
90	0.5824335652
100	0.5789304859
110	0.5763902258
120	0.5731492359
130	0.5700530908
140	0.566575844
150	0.5640667199
160	0.5616747833
170	0.5586465557
180	0.5558402144
190	0.552633896
200	0.5503050297
210	0.5476329266
220	0.5451346373
230	0.5422461793
